subscription_id,user_id,plan,monthly_price,is_active
S178639,U00001,Premium,17.99,True
S122290,U00002,Standard,12.99,True
S288438,U00003,Basic,8.99,True
S415239,U00004,Premium,17.99,True
S313904,U00005,Premium,17.99,False
S152082,U00006,Premium,17.99,True
S987914,U00007,Premium,17.99,False
S861383,U00008,Premium,17.99,True
S254970,U00009,Basic,8.99,True
S607140,U00010,Standard,12.99,True
S605844,U00011,Basic,8.99,False
S158622,U00012,Basic,8.99,True
S909203,U00013,Standard,12.99,True
S146601,U00014,Premium,17.99,True
S794609,U00015,Premium,17.99,False
S893175,U00016,Basic,8.99,False
S111030,U00017,Basic,8.99,True
S953440,U00018,Basic,8.99,True
S167760,U00019,Basic,8.99,False
S455486,U00020,Basic,8.99,False
S377049,U00021,Basic,8.99,True
S117106,U00022,Premium,17.99,True
S618472,U00023,Basic,8.99,False
S228898,U00024,Standard,12.99,True
S295659,U00025,Premium,17.99,True
S156102,U00026,Basic,8.99,True
S484424,U00027,Standard,12.99,True
S674963,U00028,Standard,12.99,True
S591338,U00029,Standard,12.99,True
S703865,U00030,Premium,17.99,False
S518865,U00031,Premium,17.99,True
S350392,U00032,Premium,17.99,True
S634653,U00033,Basic,8.99,True
S984060,U00034,Standard,12.99,True
S904454,U00035,Basic,8.99,False
S330085,U00036,Premium,17.99,True
S409768,U00037,Premium,17.99,True
S248320,U00038,Basic,8.99,True
S968073,U00039,Premium,17.99,False
S589728,U00040,Standard,12.99,True
S541749,U00041,Basic,8.99,True
S710761,U00042,Basic,8.99,True
S629847,U00043,Basic,8.99,True
S615784,U00044,Standard,12.99,True
S686533,U00045,Basic,8.99,True
S651741,U00046,Premium,17.99,True
S194497,U00047,Premium,17.99,True
S378792,U00048,Premium,17.99,True
S870841,U00049,Premium,17.99,False
S825772,U00050,Standard,12.99,True
S269892,U00051,Standard,12.99,True
S533897,U00052,Basic,8.99,True
S683985,U00053,Premium,17.99,True
S994893,U00054,Premium,17.99,True
S826733,U00055,Standard,12.99,True
S450604,U00056,Standard,12.99,True
S115509,U00057,Premium,17.99,True
S558584,U00058,Premium,17.99,True
S811371,U00059,Premium,17.99,True
S834211,U00060,Standard,12.99,False
S443237,U00061,Premium,17.99,False
S522489,U00062,Standard,12.99,True
S140363,U00063,Premium,17.99,True
S174049,U00064,Basic,8.99,True
S860986,U00065,Premium,17.99,True
S716414,U00066,Basic,8.99,True
S516846,U00067,Premium,17.99,True
S225343,U00068,Premium,17.99,True
S155772,U00069,Premium,17.99,True
S319564,U00070,Premium,17.99,True
S779422,U00071,Standard,12.99,True
S123687,U00072,Premium,17.99,True
S642927,U00073,Basic,8.99,False
S177141,U00074,Standard,12.99,False
S119619,U00075,Standard,12.99,False
S446757,U00076,Premium,17.99,True
S942876,U00077,Standard,12.99,True
S539289,U00078,Basic,8.99,True
S625923,U00079,Basic,8.99,False
S979677,U00080,Premium,17.99,False
S654211,U00081,Premium,17.99,True
S845178,U00082,Standard,12.99,True
S980882,U00083,Basic,8.99,True
S233621,U00084,Standard,12.99,True
S231124,U00085,Basic,8.99,True
S513028,U00086,Basic,8.99,True
S232810,U00087,Standard,12.99,True
S605341,U00088,Standard,12.99,True
S287231,U00089,Premium,17.99,True
S843815,U00090,Standard,12.99,True
S231000,U00091,Basic,8.99,True
S960831,U00092,Premium,17.99,True
S102643,U00093,Basic,8.99,True
S939412,U00094,Premium,17.99,True
S452192,U00095,Basic,8.99,True
S171182,U00096,Basic,8.99,True
S926193,U00097,Premium,17.99,False
S754027,U00098,Premium,17.99,True
S123848,U00099,Basic,8.99,True
S819557,U00100,Standard,12.99,True
S227945,U00101,Premium,17.99,True
S107725,U00102,Premium,17.99,True
S191936,U00103,Premium,17.99,True
S123153,U00104,Basic,8.99,True
S736978,U00105,Basic,8.99,True
S966973,U00106,Premium,17.99,False
S597407,U00107,Premium,17.99,True
S104040,U00108,Basic,8.99,True
S837940,U00109,Standard,12.99,True
S393945,U00110,Standard,12.99,False
S868667,U00111,Premium,17.99,True
S710488,U00112,Basic,8.99,False
S799799,U00113,Basic,8.99,True
S544481,U00114,Premium,17.99,True
S606263,U00115,Standard,12.99,True
S115364,U00116,Standard,12.99,True
S551227,U00117,Standard,12.99,True
S577091,U00118,Premium,17.99,True
S335665,U00119,Basic,8.99,False
S211291,U00120,Premium,17.99,True
S846817,U00121,Premium,17.99,True
S344074,U00122,Standard,12.99,True
S489808,U00123,Premium,17.99,False
S200441,U00124,Basic,8.99,True
S955190,U00125,Basic,8.99,True
S435595,U00126,Standard,12.99,True
S728615,U00127,Premium,17.99,True
S884777,U00128,Premium,17.99,True
S129229,U00129,Basic,8.99,True
S294419,U00130,Standard,12.99,False
S498205,U00131,Standard,12.99,True
S160685,U00132,Premium,17.99,True
S800037,U00133,Premium,17.99,True
S924278,U00134,Premium,17.99,True
S253227,U00135,Premium,17.99,True
S198856,U00136,Standard,12.99,True
S275673,U00137,Standard,12.99,True
S111558,U00138,Premium,17.99,True
S995021,U00139,Basic,8.99,False
S867963,U00140,Premium,17.99,True
S886140,U00141,Premium,17.99,True
S231202,U00142,Basic,8.99,True
S277713,U00143,Standard,12.99,True
S896191,U00144,Basic,8.99,True
S640544,U00145,Premium,17.99,False
S741216,U00146,Premium,17.99,True
S248254,U00147,Standard,12.99,False
S257523,U00148,Standard,12.99,False
S444935,U00149,Basic,8.99,True
S962210,U00150,Premium,17.99,True
S839635,U00151,Premium,17.99,True
S233052,U00152,Premium,17.99,True
S492571,U00153,Standard,12.99,True
S619319,U00154,Standard,12.99,True
S528713,U00155,Standard,12.99,False
S619772,U00156,Standard,12.99,True
S686839,U00157,Premium,17.99,True
S866850,U00158,Basic,8.99,True
S573929,U00159,Basic,8.99,True
S842323,U00160,Standard,12.99,True
S113408,U00161,Standard,12.99,True
S556527,U00162,Basic,8.99,True
S631473,U00163,Basic,8.99,True
S796937,U00164,Premium,17.99,True
S140226,U00165,Premium,17.99,True
S288790,U00166,Standard,12.99,True
S825713,U00167,Premium,17.99,True
S715168,U00168,Basic,8.99,True
S114458,U00169,Basic,8.99,True
S450216,U00170,Basic,8.99,True
S803365,U00171,Premium,17.99,False
S482241,U00172,Basic,8.99,True
S467136,U00173,Standard,12.99,True
S651142,U00174,Standard,12.99,True
S805672,U00175,Premium,17.99,False
S219431,U00176,Standard,12.99,True
S129233,U00177,Standard,12.99,True
S687984,U00178,Basic,8.99,True
S455921,U00179,Basic,8.99,False
S855940,U00180,Basic,8.99,True
S383794,U00181,Standard,12.99,False
S527035,U00182,Basic,8.99,True
S410885,U00183,Standard,12.99,True
S134285,U00184,Premium,17.99,True
S316318,U00185,Premium,17.99,False
S814169,U00186,Premium,17.99,False
S822093,U00187,Standard,12.99,True
S761070,U00188,Premium,17.99,False
S859535,U00189,Basic,8.99,True
S736684,U00190,Basic,8.99,True
S439138,U00191,Premium,17.99,True
S546335,U00192,Premium,17.99,True
S688312,U00193,Standard,12.99,False
S129733,U00194,Premium,17.99,True
S607130,U00195,Premium,17.99,True
S263129,U00196,Premium,17.99,True
S308958,U00197,Premium,17.99,False
S345021,U00198,Basic,8.99,False
S818917,U00199,Premium,17.99,True
S582837,U00200,Premium,17.99,True
S516330,U00201,Premium,17.99,False
S711622,U00202,Standard,12.99,False
S679471,U00203,Basic,8.99,True
S642302,U00204,Basic,8.99,True
S755268,U00205,Premium,17.99,False
S455296,U00206,Standard,12.99,True
S112752,U00207,Premium,17.99,True
S630886,U00208,Premium,17.99,True
S948693,U00209,Premium,17.99,True
S374454,U00210,Premium,17.99,True
S532278,U00211,Basic,8.99,False
S777933,U00212,Premium,17.99,True
S926451,U00213,Basic,8.99,True
S211435,U00214,Premium,17.99,True
S969543,U00215,Premium,17.99,True
S719622,U00216,Premium,17.99,False
S596308,U00217,Premium,17.99,True
S421078,U00218,Basic,8.99,True
S127842,U00219,Premium,17.99,True
S456089,U00220,Premium,17.99,True
S462771,U00221,Basic,8.99,True
S995564,U00222,Premium,17.99,True
S930505,U00223,Basic,8.99,True
S936085,U00224,Basic,8.99,True
S971113,U00225,Basic,8.99,False
S987200,U00226,Standard,12.99,True
S280211,U00227,Basic,8.99,False
S464857,U00228,Premium,17.99,True
S222914,U00229,Basic,8.99,True
S353637,U00230,Premium,17.99,True
S296234,U00231,Basic,8.99,True
S130083,U00232,Basic,8.99,False
S298332,U00233,Standard,12.99,True
S648098,U00234,Premium,17.99,True
S540405,U00235,Premium,17.99,True
S433937,U00236,Basic,8.99,True
S758513,U00237,Premium,17.99,False
S326418,U00238,Premium,17.99,False
S982582,U00239,Basic,8.99,True
S575938,U00240,Standard,12.99,True
S883552,U00241,Premium,17.99,True
S678850,U00242,Basic,8.99,True
S843425,U00243,Premium,17.99,True
S681941,U00244,Premium,17.99,True
S377652,U00245,Standard,12.99,True
S478131,U00246,Basic,8.99,True
S805080,U00247,Premium,17.99,True
S528006,U00248,Premium,17.99,True
S233577,U00249,Basic,8.99,False
S561295,U00250,Premium,17.99,True
S129803,U00251,Standard,12.99,True
S229829,U00252,Basic,8.99,True
S944855,U00253,Standard,12.99,True
S843612,U00254,Premium,17.99,True
S169935,U00255,Basic,8.99,True
S835774,U00256,Standard,12.99,True
S442784,U00257,Standard,12.99,False
S197357,U00258,Premium,17.99,True
S263783,U00259,Premium,17.99,True
S277451,U00260,Standard,12.99,True
S135069,U00261,Standard,12.99,True
S928078,U00262,Basic,8.99,True
S355180,U00263,Premium,17.99,False
S732614,U00264,Basic,8.99,True
S904081,U00265,Premium,17.99,True
S999761,U00266,Basic,8.99,False
S420113,U00267,Basic,8.99,True
S216338,U00268,Standard,12.99,False
S320254,U00269,Premium,17.99,True
S531957,U00270,Basic,8.99,True
S376692,U00271,Basic,8.99,True
S156162,U00272,Basic,8.99,True
S905353,U00273,Premium,17.99,False
S902391,U00274,Premium,17.99,False
S137182,U00275,Basic,8.99,True
S552986,U00276,Premium,17.99,True
S532433,U00277,Standard,12.99,True
S457023,U00278,Basic,8.99,False
S230463,U00279,Standard,12.99,True
S658118,U00280,Premium,17.99,True
S809383,U00281,Basic,8.99,True
S998050,U00282,Premium,17.99,True
S357593,U00283,Basic,8.99,True
S928503,U00284,Standard,12.99,True
S121491,U00285,Standard,12.99,True
S267221,U00286,Premium,17.99,True
S736310,U00287,Basic,8.99,True
S847344,U00288,Premium,17.99,True
S880696,U00289,Premium,17.99,True
S862288,U00290,Premium,17.99,False
S292380,U00291,Basic,8.99,True
S969113,U00292,Standard,12.99,False
S538314,U00293,Premium,17.99,True
S575138,U00294,Basic,8.99,False
S549655,U00295,Basic,8.99,False
S310549,U00296,Premium,17.99,True
S724366,U00297,Basic,8.99,True
S742313,U00298,Standard,12.99,True
S806735,U00299,Premium,17.99,True
S128705,U00300,Basic,8.99,True
S793317,U00301,Basic,8.99,True
S213790,U00302,Basic,8.99,True
S640682,U00303,Premium,17.99,False
S475696,U00304,Standard,12.99,False
S964041,U00305,Premium,17.99,True
S649512,U00306,Standard,12.99,True
S480564,U00307,Basic,8.99,True
S389867,U00308,Basic,8.99,True
S203203,U00309,Premium,17.99,True
S446374,U00310,Standard,12.99,True
S812897,U00311,Standard,12.99,False
S556264,U00312,Basic,8.99,True
S261253,U00313,Premium,17.99,True
S463354,U00314,Basic,8.99,False
S767804,U00315,Basic,8.99,False
S287615,U00316,Basic,8.99,True
S707963,U00317,Standard,12.99,True
S974375,U00318,Basic,8.99,False
S585154,U00319,Premium,17.99,True
S757319,U00320,Premium,17.99,False
S936626,U00321,Basic,8.99,True
S390607,U00322,Standard,12.99,True
S245541,U00323,Premium,17.99,False
S353578,U00324,Premium,17.99,True
S715881,U00325,Standard,12.99,False
S529134,U00326,Basic,8.99,True
S523594,U00327,Standard,12.99,True
S793524,U00328,Basic,8.99,True
S646553,U00329,Basic,8.99,True
S862246,U00330,Basic,8.99,True
S627296,U00331,Basic,8.99,True
S943882,U00332,Standard,12.99,True
S209248,U00333,Premium,17.99,True
S889342,U00334,Premium,17.99,True
S108320,U00335,Basic,8.99,True
S220657,U00336,Standard,12.99,True
S231263,U00337,Basic,8.99,True
S275509,U00338,Standard,12.99,True
S767405,U00339,Basic,8.99,True
S222057,U00340,Standard,12.99,True
S402639,U00341,Basic,8.99,False
S196874,U00342,Basic,8.99,False
S989898,U00343,Standard,12.99,True
S133371,U00344,Premium,17.99,True
S420508,U00345,Premium,17.99,True
S298352,U00346,Basic,8.99,False
S159279,U00347,Premium,17.99,True
S232574,U00348,Standard,12.99,True
S505601,U00349,Premium,17.99,True
S652523,U00350,Basic,8.99,True
S784087,U00351,Standard,12.99,True
S349450,U00352,Basic,8.99,True
S420105,U00353,Basic,8.99,True
S143720,U00354,Premium,17.99,True
S388358,U00355,Basic,8.99,True
S266309,U00356,Premium,17.99,False
S900370,U00357,Premium,17.99,True
S423410,U00358,Basic,8.99,True
S140767,U00359,Standard,12.99,True
S499262,U00360,Standard,12.99,False
S304751,U00361,Basic,8.99,True
S657476,U00362,Standard,12.99,True
S165722,U00363,Premium,17.99,True
S469144,U00364,Premium,17.99,False
S702125,U00365,Basic,8.99,True
S316495,U00366,Premium,17.99,True
S729062,U00367,Premium,17.99,True
S652673,U00368,Standard,12.99,True
S344482,U00369,Basic,8.99,True
S643103,U00370,Premium,17.99,True
S398542,U00371,Premium,17.99,True
S408753,U00372,Standard,12.99,True
S151515,U00373,Standard,12.99,True
S637044,U00374,Basic,8.99,False
S708399,U00375,Premium,17.99,False
S815809,U00376,Standard,12.99,True
S811090,U00377,Basic,8.99,True
S130832,U00378,Premium,17.99,True
S635752,U00379,Premium,17.99,True
S925540,U00380,Premium,17.99,False
S721719,U00381,Premium,17.99,True
S978904,U00382,Basic,8.99,True
S359463,U00383,Standard,12.99,True
S778338,U00384,Standard,12.99,True
S223383,U00385,Premium,17.99,False
S627633,U00386,Standard,12.99,True
S650356,U00387,Premium,17.99,True
S629512,U00388,Basic,8.99,True
S592250,U00389,Standard,12.99,False
S961593,U00390,Standard,12.99,False
S624933,U00391,Premium,17.99,False
S628864,U00392,Premium,17.99,True
S943193,U00393,Basic,8.99,True
S137298,U00394,Standard,12.99,True
S198287,U00395,Basic,8.99,True
S369881,U00396,Basic,8.99,True
S405529,U00397,Basic,8.99,False
S153855,U00398,Basic,8.99,True
S220461,U00399,Basic,8.99,True
S111769,U00400,Premium,17.99,True
S464928,U00401,Standard,12.99,False
S426009,U00402,Premium,17.99,True
S944908,U00403,Premium,17.99,True
S412364,U00404,Standard,12.99,False
S913705,U00405,Standard,12.99,True
S849997,U00406,Premium,17.99,True
S507239,U00407,Basic,8.99,True
S197526,U00408,Standard,12.99,True
S419209,U00409,Premium,17.99,True
S878141,U00410,Standard,12.99,False
S604563,U00411,Basic,8.99,True
S216876,U00412,Premium,17.99,False
S727468,U00413,Standard,12.99,True
S820307,U00414,Premium,17.99,True
S250511,U00415,Basic,8.99,True
S869391,U00416,Standard,12.99,True
S501973,U00417,Premium,17.99,True
S899689,U00418,Basic,8.99,True
S362304,U00419,Standard,12.99,False
S982698,U00420,Basic,8.99,True
S523997,U00421,Standard,12.99,True
S141077,U00422,Premium,17.99,True
S492186,U00423,Standard,12.99,True
S583024,U00424,Premium,17.99,False
S614070,U00425,Premium,17.99,False
S109891,U00426,Standard,12.99,True
S885060,U00427,Standard,12.99,True
S897725,U00428,Basic,8.99,False
S128807,U00429,Premium,17.99,False
S335525,U00430,Premium,17.99,True
S337399,U00431,Standard,12.99,False
S250114,U00432,Basic,8.99,True
S104268,U00433,Premium,17.99,True
S580258,U00434,Standard,12.99,True
S106134,U00435,Premium,17.99,True
S995329,U00436,Basic,8.99,True
S606241,U00437,Basic,8.99,False
S752539,U00438,Basic,8.99,True
S581595,U00439,Basic,8.99,False
S970509,U00440,Basic,8.99,True
S373860,U00441,Standard,12.99,True
S782624,U00442,Basic,8.99,False
S329252,U00443,Standard,12.99,False
S294726,U00444,Standard,12.99,True
S534576,U00445,Standard,12.99,False
S453157,U00446,Basic,8.99,True
S201730,U00447,Standard,12.99,True
S683513,U00448,Standard,12.99,True
S646678,U00449,Standard,12.99,False
S166067,U00450,Standard,12.99,True
S561437,U00451,Basic,8.99,True
S484750,U00452,Standard,12.99,True
S410204,U00453,Premium,17.99,True
S408553,U00454,Premium,17.99,True
S451691,U00455,Premium,17.99,True
S505650,U00456,Standard,12.99,True
S593290,U00457,Standard,12.99,False
S924768,U00458,Standard,12.99,True
S999862,U00459,Basic,8.99,True
S801308,U00460,Standard,12.99,False
S841059,U00461,Premium,17.99,True
S205232,U00462,Premium,17.99,True
S425351,U00463,Standard,12.99,True
S923277,U00464,Standard,12.99,False
S220034,U00465,Premium,17.99,True
S541366,U00466,Basic,8.99,True
S833659,U00467,Premium,17.99,True
S374764,U00468,Basic,8.99,False
S361105,U00469,Premium,17.99,True
S360459,U00470,Basic,8.99,True
S927442,U00471,Standard,12.99,False
S360857,U00472,Basic,8.99,True
S233246,U00473,Basic,8.99,True
S453822,U00474,Basic,8.99,False
S136054,U00475,Standard,12.99,True
S479260,U00476,Standard,12.99,True
S887586,U00477,Standard,12.99,False
S868434,U00478,Premium,17.99,True
S828435,U00479,Premium,17.99,True
S515543,U00480,Basic,8.99,True
S317943,U00481,Standard,12.99,True
S833286,U00482,Standard,12.99,True
S584135,U00483,Premium,17.99,False
S184740,U00484,Premium,17.99,True
S921749,U00485,Basic,8.99,False
S769718,U00486,Basic,8.99,True
S122894,U00487,Basic,8.99,False
S748836,U00488,Basic,8.99,True
S928215,U00489,Basic,8.99,True
S796275,U00490,Premium,17.99,True
S524073,U00491,Premium,17.99,False
S549295,U00492,Premium,17.99,True
S871270,U00493,Basic,8.99,True
S154648,U00494,Standard,12.99,True
S519852,U00495,Basic,8.99,True
S741158,U00496,Basic,8.99,False
S820515,U00497,Basic,8.99,True
S798897,U00498,Premium,17.99,True
S652760,U00499,Basic,8.99,True
S848883,U00500,Basic,8.99,True
S184481,U00501,Basic,8.99,True
S494905,U00502,Standard,12.99,False
S155120,U00503,Premium,17.99,True
S450332,U00504,Premium,17.99,True
S908130,U00505,Basic,8.99,True
S467319,U00506,Basic,8.99,True
S110126,U00507,Basic,8.99,True
S496612,U00508,Basic,8.99,True
S593992,U00509,Basic,8.99,True
S895755,U00510,Basic,8.99,True
S942541,U00511,Basic,8.99,True
S394125,U00512,Standard,12.99,True
S940458,U00513,Standard,12.99,True
S114302,U00514,Standard,12.99,True
S204105,U00515,Basic,8.99,True
S702738,U00516,Basic,8.99,True
S841279,U00517,Premium,17.99,True
S728053,U00518,Premium,17.99,False
S162683,U00519,Basic,8.99,True
S531389,U00520,Basic,8.99,False
S189604,U00521,Standard,12.99,False
S648345,U00522,Premium,17.99,True
S756162,U00523,Standard,12.99,False
S436843,U00524,Basic,8.99,False
S767205,U00525,Premium,17.99,True
S450049,U00526,Standard,12.99,True
S658454,U00527,Standard,12.99,True
S305482,U00528,Basic,8.99,True
S729236,U00529,Premium,17.99,False
S966394,U00530,Standard,12.99,True
S793967,U00531,Premium,17.99,False
S540422,U00532,Premium,17.99,True
S726286,U00533,Premium,17.99,True
S180676,U00534,Standard,12.99,True
S464911,U00535,Standard,12.99,False
S383198,U00536,Basic,8.99,True
S686936,U00537,Standard,12.99,True
S159779,U00538,Basic,8.99,True
S418874,U00539,Standard,12.99,False
S942638,U00540,Standard,12.99,True
S906478,U00541,Standard,12.99,False
S213740,U00542,Basic,8.99,False
S617400,U00543,Premium,17.99,True
S258634,U00544,Premium,17.99,True
S513445,U00545,Standard,12.99,True
S152242,U00546,Premium,17.99,False
S367200,U00547,Basic,8.99,True
S984792,U00548,Basic,8.99,True
S689794,U00549,Basic,8.99,True
S178229,U00550,Premium,17.99,True
S305042,U00551,Premium,17.99,True
S982980,U00552,Basic,8.99,False
S257170,U00553,Premium,17.99,True
S147287,U00554,Basic,8.99,True
S405611,U00555,Standard,12.99,True
S491711,U00556,Basic,8.99,True
S561831,U00557,Premium,17.99,False
S510677,U00558,Standard,12.99,True
S578944,U00559,Standard,12.99,True
S636754,U00560,Premium,17.99,False
S949828,U00561,Standard,12.99,True
S376803,U00562,Basic,8.99,True
S832203,U00563,Premium,17.99,True
S239153,U00564,Basic,8.99,True
S813946,U00565,Premium,17.99,True
S563819,U00566,Premium,17.99,True
S391102,U00567,Standard,12.99,True
S479678,U00568,Standard,12.99,True
S761447,U00569,Standard,12.99,True
S573969,U00570,Basic,8.99,True
S727173,U00571,Standard,12.99,True
S980891,U00572,Standard,12.99,True
S362340,U00573,Premium,17.99,True
S712373,U00574,Basic,8.99,True
S150406,U00575,Standard,12.99,True
S350056,U00576,Basic,8.99,True
S940471,U00577,Basic,8.99,True
S700602,U00578,Premium,17.99,True
S147786,U00579,Basic,8.99,True
S133070,U00580,Premium,17.99,True
S540453,U00581,Basic,8.99,True
S129884,U00582,Basic,8.99,False
S703452,U00583,Basic,8.99,True
S352559,U00584,Standard,12.99,True
S907080,U00585,Premium,17.99,True
S708067,U00586,Basic,8.99,False
S885841,U00587,Standard,12.99,True
S363279,U00588,Standard,12.99,True
S692112,U00589,Basic,8.99,True
S350233,U00590,Basic,8.99,True
S511044,U00591,Basic,8.99,True
S546380,U00592,Premium,17.99,True
S963791,U00593,Premium,17.99,True
S792363,U00594,Basic,8.99,True
S254262,U00595,Basic,8.99,False
S271474,U00596,Basic,8.99,True
S176144,U00597,Basic,8.99,True
S381180,U00598,Premium,17.99,False
S426008,U00599,Standard,12.99,True
S191991,U00600,Basic,8.99,True
S910992,U00601,Premium,17.99,False
S455516,U00602,Standard,12.99,True
S547866,U00603,Premium,17.99,True
S884735,U00604,Premium,17.99,True
S976206,U00605,Basic,8.99,True
S563423,U00606,Premium,17.99,True
S373757,U00607,Standard,12.99,True
S466710,U00608,Standard,12.99,True
S413000,U00609,Standard,12.99,True
S312979,U00610,Basic,8.99,True
S204291,U00611,Basic,8.99,True
S755880,U00612,Basic,8.99,True
S822946,U00613,Basic,8.99,True
S234296,U00614,Basic,8.99,True
S566360,U00615,Premium,17.99,False
S636249,U00616,Standard,12.99,True
S275833,U00617,Standard,12.99,True
S658401,U00618,Basic,8.99,False
S821368,U00619,Basic,8.99,True
S601670,U00620,Premium,17.99,True
S325369,U00621,Basic,8.99,True
S467654,U00622,Premium,17.99,True
S565497,U00623,Basic,8.99,False
S179907,U00624,Basic,8.99,True
S762391,U00625,Standard,12.99,True
S893142,U00626,Standard,12.99,True
S729404,U00627,Standard,12.99,True
S852064,U00628,Standard,12.99,True
S661124,U00629,Standard,12.99,True
S349359,U00630,Premium,17.99,True
S503949,U00631,Standard,12.99,True
S489025,U00632,Basic,8.99,True
S390803,U00633,Standard,12.99,True
S215473,U00634,Premium,17.99,True
S117668,U00635,Standard,12.99,False
S332143,U00636,Premium,17.99,False
S938568,U00637,Standard,12.99,True
S898817,U00638,Premium,17.99,False
S760857,U00639,Standard,12.99,True
S951457,U00640,Basic,8.99,False
S904987,U00641,Basic,8.99,True
S802504,U00642,Premium,17.99,False
S679935,U00643,Basic,8.99,False
S701770,U00644,Basic,8.99,True
S966260,U00645,Basic,8.99,True
S698214,U00646,Standard,12.99,True
S643097,U00647,Standard,12.99,False
S530495,U00648,Premium,17.99,True
S900306,U00649,Standard,12.99,False
S539853,U00650,Standard,12.99,True
S513375,U00651,Basic,8.99,True
S341078,U00652,Basic,8.99,True
S625575,U00653,Standard,12.99,True
S513359,U00654,Basic,8.99,True
S567395,U00655,Basic,8.99,True
S492530,U00656,Standard,12.99,True
S866752,U00657,Basic,8.99,True
S799019,U00658,Standard,12.99,True
S290641,U00659,Basic,8.99,False
S369652,U00660,Premium,17.99,True
S918782,U00661,Premium,17.99,True
S846967,U00662,Premium,17.99,False
S278762,U00663,Premium,17.99,True
S470480,U00664,Basic,8.99,True
S983469,U00665,Standard,12.99,True
S220472,U00666,Standard,12.99,True
S298177,U00667,Basic,8.99,False
S721000,U00668,Basic,8.99,True
S747995,U00669,Premium,17.99,False
S282510,U00670,Standard,12.99,True
S139466,U00671,Standard,12.99,True
S819243,U00672,Premium,17.99,True
S729726,U00673,Premium,17.99,False
S740061,U00674,Standard,12.99,True
S657100,U00675,Basic,8.99,True
S455228,U00676,Standard,12.99,False
S325403,U00677,Basic,8.99,True
S673254,U00678,Standard,12.99,True
S530909,U00679,Premium,17.99,False
S963833,U00680,Standard,12.99,False
S601928,U00681,Premium,17.99,False
S865002,U00682,Standard,12.99,True
S554295,U00683,Standard,12.99,True
S134828,U00684,Standard,12.99,True
S236354,U00685,Standard,12.99,True
S716061,U00686,Premium,17.99,False
S774763,U00687,Premium,17.99,False
S957986,U00688,Standard,12.99,True
S952837,U00689,Basic,8.99,False
S583628,U00690,Premium,17.99,True
S646469,U00691,Premium,17.99,True
S134349,U00692,Standard,12.99,False
S190536,U00693,Standard,12.99,True
S832621,U00694,Premium,17.99,True
S795085,U00695,Premium,17.99,False
S256407,U00696,Standard,12.99,True
S396931,U00697,Premium,17.99,True
S607152,U00698,Standard,12.99,False
S676746,U00699,Premium,17.99,False
S801708,U00700,Standard,12.99,True
S911990,U00701,Basic,8.99,False
S514693,U00702,Basic,8.99,True
S737754,U00703,Basic,8.99,True
S349444,U00704,Standard,12.99,True
S913348,U00705,Basic,8.99,True
S537288,U00706,Premium,17.99,True
S266089,U00707,Standard,12.99,True
S257293,U00708,Premium,17.99,True
S678537,U00709,Standard,12.99,False
S692669,U00710,Standard,12.99,True
S953618,U00711,Standard,12.99,False
S378832,U00712,Premium,17.99,False
S560780,U00713,Premium,17.99,True
S706552,U00714,Premium,17.99,True
S655507,U00715,Basic,8.99,True
S950719,U00716,Basic,8.99,True
S326318,U00717,Standard,12.99,True
S330394,U00718,Premium,17.99,False
S491226,U00719,Basic,8.99,True
S249942,U00720,Premium,17.99,True
S791041,U00721,Standard,12.99,True
S199323,U00722,Standard,12.99,True
S588123,U00723,Standard,12.99,True
S130972,U00724,Basic,8.99,False
S225403,U00725,Basic,8.99,False
S166550,U00726,Basic,8.99,True
S237146,U00727,Standard,12.99,True
S960614,U00728,Premium,17.99,False
S994646,U00729,Standard,12.99,True
S766046,U00730,Standard,12.99,False
S934406,U00731,Premium,17.99,True
S220736,U00732,Basic,8.99,True
S732741,U00733,Premium,17.99,True
S324638,U00734,Standard,12.99,True
S607079,U00735,Premium,17.99,True
S218581,U00736,Standard,12.99,True
S939979,U00737,Premium,17.99,True
S420632,U00738,Basic,8.99,True
S520113,U00739,Basic,8.99,False
S669691,U00740,Standard,12.99,True
S909880,U00741,Basic,8.99,True
S668482,U00742,Basic,8.99,False
S516443,U00743,Basic,8.99,True
S536546,U00744,Standard,12.99,True
S865495,U00745,Standard,12.99,True
S977556,U00746,Basic,8.99,True
S862255,U00747,Standard,12.99,False
S734130,U00748,Standard,12.99,True
S583421,U00749,Basic,8.99,True
S631863,U00750,Premium,17.99,True
S280457,U00751,Basic,8.99,True
S340653,U00752,Basic,8.99,True
S632137,U00753,Basic,8.99,True
S213974,U00754,Premium,17.99,True
S268680,U00755,Basic,8.99,True
S334926,U00756,Premium,17.99,True
S748862,U00757,Basic,8.99,False
S624246,U00758,Basic,8.99,True
S283559,U00759,Basic,8.99,True
S193533,U00760,Premium,17.99,True
S707932,U00761,Premium,17.99,True
S764928,U00762,Basic,8.99,True
S817552,U00763,Premium,17.99,True
S781807,U00764,Standard,12.99,True
S401974,U00765,Basic,8.99,True
S168961,U00766,Premium,17.99,False
S569136,U00767,Basic,8.99,True
S380241,U00768,Basic,8.99,False
S966810,U00769,Basic,8.99,True
S768797,U00770,Premium,17.99,False
S617014,U00771,Basic,8.99,True
S306606,U00772,Basic,8.99,False
S346417,U00773,Standard,12.99,False
S182554,U00774,Premium,17.99,True
S197277,U00775,Basic,8.99,True
S979629,U00776,Standard,12.99,False
S161721,U00777,Premium,17.99,False
S909805,U00778,Standard,12.99,True
S338686,U00779,Standard,12.99,True
S613290,U00780,Premium,17.99,True
S519636,U00781,Standard,12.99,True
S221875,U00782,Standard,12.99,True
S660678,U00783,Basic,8.99,True
S932714,U00784,Premium,17.99,True
S224377,U00785,Standard,12.99,True
S790019,U00786,Basic,8.99,True
S430880,U00787,Standard,12.99,False
S956627,U00788,Premium,17.99,True
S860799,U00789,Basic,8.99,True
S661421,U00790,Basic,8.99,True
S764706,U00791,Premium,17.99,True
S420281,U00792,Premium,17.99,True
S992629,U00793,Premium,17.99,False
S388170,U00794,Basic,8.99,True
S913580,U00795,Standard,12.99,False
S287131,U00796,Premium,17.99,True
S793142,U00797,Standard,12.99,True
S579534,U00798,Standard,12.99,True
S889656,U00799,Standard,12.99,False
S514560,U00800,Standard,12.99,True
S582285,U00801,Premium,17.99,True
S439819,U00802,Standard,12.99,True
S514141,U00803,Premium,17.99,True
S901963,U00804,Basic,8.99,True
S549429,U00805,Standard,12.99,True
S955696,U00806,Premium,17.99,True
S156790,U00807,Premium,17.99,True
S909114,U00808,Basic,8.99,True
S191040,U00809,Premium,17.99,True
S965605,U00810,Premium,17.99,False
S105919,U00811,Basic,8.99,True
S376946,U00812,Standard,12.99,False
S818364,U00813,Basic,8.99,True
S932691,U00814,Standard,12.99,True
S141488,U00815,Standard,12.99,True
S290250,U00816,Standard,12.99,True
S886046,U00817,Basic,8.99,True
S901707,U00818,Premium,17.99,True
S325139,U00819,Standard,12.99,True
S408520,U00820,Basic,8.99,True
S667306,U00821,Premium,17.99,True
S396848,U00822,Standard,12.99,True
S431991,U00823,Basic,8.99,False
S737930,U00824,Basic,8.99,True
S171021,U00825,Basic,8.99,True
S958212,U00826,Premium,17.99,True
S493192,U00827,Basic,8.99,True
S744404,U00828,Standard,12.99,True
S970147,U00829,Premium,17.99,True
S411267,U00830,Premium,17.99,True
S500538,U00831,Standard,12.99,False
S667120,U00832,Basic,8.99,True
S629584,U00833,Premium,17.99,True
S446768,U00834,Basic,8.99,True
S997715,U00835,Standard,12.99,True
S105412,U00836,Basic,8.99,True
S863833,U00837,Premium,17.99,True
S554202,U00838,Standard,12.99,False
S927415,U00839,Basic,8.99,True
S166970,U00840,Premium,17.99,False
S289467,U00841,Standard,12.99,True
S852520,U00842,Standard,12.99,True
S266873,U00843,Premium,17.99,True
S813351,U00844,Basic,8.99,True
S920170,U00845,Premium,17.99,True
S477322,U00846,Standard,12.99,False
S207014,U00847,Standard,12.99,True
S218280,U00848,Standard,12.99,False
S901303,U00849,Basic,8.99,True
S106380,U00850,Premium,17.99,False
S582258,U00851,Premium,17.99,False
S991243,U00852,Basic,8.99,True
S102621,U00853,Standard,12.99,True
S615550,U00854,Standard,12.99,False
S863733,U00855,Premium,17.99,True
S971795,U00856,Premium,17.99,True
S618283,U00857,Basic,8.99,True
S713469,U00858,Premium,17.99,True
S439606,U00859,Premium,17.99,False
S158208,U00860,Basic,8.99,True
S630358,U00861,Premium,17.99,False
S323226,U00862,Standard,12.99,True
S704154,U00863,Basic,8.99,True
S536853,U00864,Standard,12.99,True
S726798,U00865,Basic,8.99,False
S150369,U00866,Basic,8.99,True
S334922,U00867,Basic,8.99,False
S660589,U00868,Basic,8.99,False
S493540,U00869,Basic,8.99,False
S993349,U00870,Standard,12.99,True
S836190,U00871,Basic,8.99,True
S268108,U00872,Premium,17.99,True
S467519,U00873,Standard,12.99,True
S576768,U00874,Premium,17.99,True
S576191,U00875,Standard,12.99,False
S762170,U00876,Basic,8.99,True
S443590,U00877,Standard,12.99,False
S208946,U00878,Standard,12.99,True
S580722,U00879,Basic,8.99,False
S264136,U00880,Standard,12.99,False
S738298,U00881,Premium,17.99,True
S931571,U00882,Basic,8.99,True
S206566,U00883,Premium,17.99,True
S528838,U00884,Basic,8.99,True
S537635,U00885,Standard,12.99,True
S305365,U00886,Basic,8.99,True
S961381,U00887,Basic,8.99,True
S127249,U00888,Standard,12.99,True
S724734,U00889,Basic,8.99,False
S999730,U00890,Basic,8.99,True
S881627,U00891,Basic,8.99,False
S650904,U00892,Standard,12.99,True
S780775,U00893,Standard,12.99,True
S188135,U00894,Standard,12.99,True
S533722,U00895,Standard,12.99,True
S954093,U00896,Premium,17.99,True
S960260,U00897,Standard,12.99,True
S803177,U00898,Standard,12.99,False
S434138,U00899,Premium,17.99,True
S687609,U00900,Basic,8.99,True
S916762,U00901,Standard,12.99,True
S300710,U00902,Basic,8.99,True
S659603,U00903,Basic,8.99,True
S512150,U00904,Premium,17.99,True
S646876,U00905,Standard,12.99,True
S274970,U00906,Premium,17.99,True
S138728,U00907,Premium,17.99,False
S178744,U00908,Premium,17.99,True
S511731,U00909,Premium,17.99,False
S438713,U00910,Premium,17.99,True
S614358,U00911,Basic,8.99,False
S226682,U00912,Standard,12.99,True
S612462,U00913,Standard,12.99,True
S647682,U00914,Basic,8.99,True
S256075,U00915,Premium,17.99,True
S143873,U00916,Standard,12.99,True
S480878,U00917,Standard,12.99,True
S968307,U00918,Basic,8.99,True
S610731,U00919,Basic,8.99,False
S815414,U00920,Premium,17.99,True
S101410,U00921,Premium,17.99,False
S476664,U00922,Premium,17.99,False
S168872,U00923,Premium,17.99,False
S881012,U00924,Standard,12.99,False
S388234,U00925,Premium,17.99,True
S232941,U00926,Standard,12.99,True
S929007,U00927,Premium,17.99,True
S334474,U00928,Premium,17.99,True
S964679,U00929,Standard,12.99,True
S394266,U00930,Premium,17.99,True
S652760,U00931,Premium,17.99,True
S936082,U00932,Standard,12.99,True
S170498,U00933,Standard,12.99,True
S389859,U00934,Basic,8.99,False
S807170,U00935,Standard,12.99,True
S147151,U00936,Basic,8.99,True
S211010,U00937,Premium,17.99,True
S300331,U00938,Basic,8.99,True
S708846,U00939,Premium,17.99,True
S349532,U00940,Standard,12.99,True
S165899,U00941,Premium,17.99,True
S420023,U00942,Premium,17.99,True
S416828,U00943,Premium,17.99,False
S497599,U00944,Standard,12.99,False
S324207,U00945,Premium,17.99,True
S162331,U00946,Standard,12.99,True
S966269,U00947,Standard,12.99,True
S520912,U00948,Standard,12.99,True
S595484,U00949,Basic,8.99,True
S862296,U00950,Premium,17.99,False
S331477,U00951,Standard,12.99,True
S263360,U00952,Premium,17.99,False
S793169,U00953,Premium,17.99,True
S831891,U00954,Standard,12.99,False
S488713,U00955,Basic,8.99,True
S693252,U00956,Standard,12.99,True
S367732,U00957,Standard,12.99,True
S813939,U00958,Premium,17.99,True
S196927,U00959,Premium,17.99,False
S447206,U00960,Standard,12.99,True
S326559,U00961,Standard,12.99,True
S689958,U00962,Premium,17.99,True
S410116,U00963,Premium,17.99,True
S152990,U00964,Basic,8.99,True
S213055,U00965,Standard,12.99,False
S877962,U00966,Premium,17.99,True
S162950,U00967,Standard,12.99,True
S887398,U00968,Standard,12.99,True
S507807,U00969,Standard,12.99,True
S573842,U00970,Basic,8.99,True
S490201,U00971,Standard,12.99,True
S226680,U00972,Standard,12.99,True
S212234,U00973,Standard,12.99,True
S782536,U00974,Standard,12.99,False
S825415,U00975,Standard,12.99,True
S130696,U00976,Basic,8.99,True
S467828,U00977,Standard,12.99,True
S968804,U00978,Standard,12.99,True
S619175,U00979,Standard,12.99,True
S499796,U00980,Basic,8.99,True
S239151,U00981,Premium,17.99,False
S608437,U00982,Basic,8.99,True
S388788,U00983,Basic,8.99,True
S156578,U00984,Basic,8.99,True
S760208,U00985,Standard,12.99,True
S534644,U00986,Standard,12.99,False
S297107,U00987,Standard,12.99,True
S680756,U00988,Premium,17.99,True
S712220,U00989,Standard,12.99,True
S217212,U00990,Basic,8.99,True
S850420,U00991,Premium,17.99,True
S804475,U00992,Basic,8.99,True
S536841,U00993,Basic,8.99,True
S222060,U00994,Premium,17.99,True
S927105,U00995,Basic,8.99,True
S496713,U00996,Standard,12.99,True
S521052,U00997,Standard,12.99,True
S696013,U00998,Basic,8.99,True
S233303,U00999,Standard,12.99,True
S985839,U01000,Standard,12.99,False
